{"loss": [1.6171331405639648, 1.135498046875], "accuracy": [0.453000009059906, 0.6001399755477905], "val_loss": [1.6219297647476196, 0.9171307682991028], "val_accuracy": [0.42260000109672546, 0.6718000173568726]}