{"loss": [1.5838772058486938, 1.1416250467300415, 0.9805404543876648, 0.8740875124931335, 0.800079345703125], "accuracy": [0.46309998631477356, 0.5964999794960022, 0.655019998550415, 0.692579984664917, 0.7190399765968323], "val_loss": [1.2786662578582764, 1.0697386264801025, 0.8531292080879211, 0.7658671140670776, 0.7596346735954285], "val_accuracy": [0.5393999814987183, 0.6284999847412109, 0.7042999863624573, 0.7378000020980835, 0.7384999990463257]}